Entity,Code,Year,Computational capacity of the fastest supercomputer
World,OWID_WRL,1993,124
World,OWID_WRL,1994,170
World,OWID_WRL,1995,170
World,OWID_WRL,1996,368.2
World,OWID_WRL,1997,1338
World,OWID_WRL,1998,1338
World,OWID_WRL,1999,2379
World,OWID_WRL,2000,4938
World,OWID_WRL,2001,7226
World,OWID_WRL,2002,35860
World,OWID_WRL,2003,35860
World,OWID_WRL,2004,70720
World,OWID_WRL,2005,280600
World,OWID_WRL,2006,280600
World,OWID_WRL,2007,478200
World,OWID_WRL,2008,1105000
World,OWID_WRL,2009,1759000
World,OWID_WRL,2010,2566000
World,OWID_WRL,2011,10510000
World,OWID_WRL,2012,17590000
World,OWID_WRL,2013,33862700
World,OWID_WRL,2014,33862700
World,OWID_WRL,2015,33862700
World,OWID_WRL,2016,93014590
World,OWID_WRL,2017,93014590
World,OWID_WRL,2018,143500000
World,OWID_WRL,2019,148600000
World,OWID_WRL,2020,442010000
World,OWID_WRL,2021,442010000
World,OWID_WRL,2022,1102000000
World,OWID_WRL,2023,1194000000
World,OWID_WRL,2024,1742000000
World,OWID_WRL,2025,1809000000