Entity,Code,Year,Parliament and government aren't both elected,Parliament and government elected
Africa,OWID_AFR,1789,7,0
Africa,OWID_AFR,1790,7,0
Africa,OWID_AFR,1791,7,0
Africa,OWID_AFR,1792,7,0
Africa,OWID_AFR,1793,7,0
Africa,OWID_AFR,1794,7,0
Africa,OWID_AFR,1795,8,0
Africa,OWID_AFR,1796,8,0
Africa,OWID_AFR,1797,8,0
Africa,OWID_AFR,1798,8,0
Africa,OWID_AFR,1799,8,0
Africa,OWID_AFR,1800,8,0
Africa,OWID_AFR,1801,8,0
Africa,OWID_AFR,1802,8,0
Africa,OWID_AFR,1803,8,0
Africa,OWID_AFR,1804,8,0
Africa,OWID_AFR,1805,8,0
Africa,OWID_AFR,1806,8,0
Africa,OWID_AFR,1807,8,0
Africa,OWID_AFR,1808,8,0
Africa,OWID_AFR,1809,8,0
Africa,OWID_AFR,1810,8,0
Africa,OWID_AFR,1811,8,0
Africa,OWID_AFR,1812,8,0
Africa,OWID_AFR,1813,8,0
Africa,OWID_AFR,1814,8,0
Africa,OWID_AFR,1815,8,0
Africa,OWID_AFR,1816,8,0
Africa,OWID_AFR,1817,9,0
Africa,OWID_AFR,1818,9,0
Africa,OWID_AFR,1819,9,0
Africa,OWID_AFR,1820,9,0
Africa,OWID_AFR,1821,10,0
Africa,OWID_AFR,1822,10,0
Africa,OWID_AFR,1823,10,0
Africa,OWID_AFR,1824,10,0
Africa,OWID_AFR,1825,10,0
Africa,OWID_AFR,1826,10,0
Africa,OWID_AFR,1827,10,0
Africa,OWID_AFR,1828,10,0
Africa,OWID_AFR,1829,10,0
Africa,OWID_AFR,1830,10,0
Africa,OWID_AFR,1831,10,0
Africa,OWID_AFR,1832,10,0
Africa,OWID_AFR,1833,10,0
Africa,OWID_AFR,1834,10,0
Africa,OWID_AFR,1835,10,0
Africa,OWID_AFR,1836,10,0
Africa,OWID_AFR,1837,10,0
Africa,OWID_AFR,1838,10,0
Africa,OWID_AFR,1839,10,0
Africa,OWID_AFR,1840,10,0
Africa,OWID_AFR,1841,10,0
Africa,OWID_AFR,1842,10,0
Africa,OWID_AFR,1843,10,0
Africa,OWID_AFR,1844,10,0
Africa,OWID_AFR,1845,10,0
Africa,OWID_AFR,1846,10,0
Africa,OWID_AFR,1847,9,1
Africa,OWID_AFR,1848,9,1
Africa,OWID_AFR,1849,9,1
Africa,OWID_AFR,1850,9,1
Africa,OWID_AFR,1851,9,1
Africa,OWID_AFR,1852,9,2
Africa,OWID_AFR,1853,10,2
Africa,OWID_AFR,1854,10,3
Africa,OWID_AFR,1855,10,3
Africa,OWID_AFR,1856,11,3
Africa,OWID_AFR,1857,11,3
Africa,OWID_AFR,1858,11,3
Africa,OWID_AFR,1859,11,3
Africa,OWID_AFR,1860,11,3
Africa,OWID_AFR,1861,11,3
Africa,OWID_AFR,1862,11,3
Africa,OWID_AFR,1863,11,3
Africa,OWID_AFR,1864,11,3
Africa,OWID_AFR,1865,11,3
Africa,OWID_AFR,1866,11,3
Africa,OWID_AFR,1867,11,3
Africa,OWID_AFR,1868,11,3
Africa,OWID_AFR,1869,11,3
Africa,OWID_AFR,1870,11,3
Africa,OWID_AFR,1871,11,3
Africa,OWID_AFR,1872,11,3
Africa,OWID_AFR,1873,11,3
Africa,OWID_AFR,1874,11,3
Africa,OWID_AFR,1875,11,3
Africa,OWID_AFR,1876,11,3
Africa,OWID_AFR,1877,13,2
Africa,OWID_AFR,1878,13,2
Africa,OWID_AFR,1879,13,2
Africa,OWID_AFR,1880,13,2
Africa,OWID_AFR,1881,13,2
Africa,OWID_AFR,1882,14,2
Africa,OWID_AFR,1883,13,3
Africa,OWID_AFR,1884,16,3
Africa,OWID_AFR,1885,21,3
Africa,OWID_AFR,1886,22,3
Africa,OWID_AFR,1887,23,3
Africa,OWID_AFR,1888,23,3
Africa,OWID_AFR,1889,25,3
Africa,OWID_AFR,1890,26,3
Africa,OWID_AFR,1891,28,3
Africa,OWID_AFR,1892,31,3
Africa,OWID_AFR,1893,33,3
Africa,OWID_AFR,1894,35,3
Africa,OWID_AFR,1895,37,3
Africa,OWID_AFR,1896,38,3
Africa,OWID_AFR,1897,38,3
Africa,OWID_AFR,1898,38,3
Africa,OWID_AFR,1899,40,3
Africa,OWID_AFR,1900,42,3
Africa,OWID_AFR,1901,42,3
Africa,OWID_AFR,1902,45,1
Africa,OWID_AFR,1903,46,1
Africa,OWID_AFR,1904,48,1
Africa,OWID_AFR,1905,48,1
Africa,OWID_AFR,1906,48,1
Africa,OWID_AFR,1907,48,1
Africa,OWID_AFR,1908,44,1
Africa,OWID_AFR,1909,44,1
Africa,OWID_AFR,1910,43,2
Africa,OWID_AFR,1911,44,2
Africa,OWID_AFR,1912,44,2
Africa,OWID_AFR,1913,44,2
Africa,OWID_AFR,1914,46,2
Africa,OWID_AFR,1915,45,2
Africa,OWID_AFR,1916,48,2
Africa,OWID_AFR,1917,48,2
Africa,OWID_AFR,1918,48,2
Africa,OWID_AFR,1919,49,2
Africa,OWID_AFR,1920,50,2
Africa,OWID_AFR,1921,50,2
Africa,OWID_AFR,1922,51,2
Africa,OWID_AFR,1923,51,2
Africa,OWID_AFR,1924,51,2
Africa,OWID_AFR,1925,51,2
Africa,OWID_AFR,1926,51,2
Africa,OWID_AFR,1927,51,2
Africa,OWID_AFR,1928,51,2
Africa,OWID_AFR,1929,51,2
Africa,OWID_AFR,1930,51,2
Africa,OWID_AFR,1931,51,2
Africa,OWID_AFR,1932,50,2
Africa,OWID_AFR,1933,50,2
Africa,OWID_AFR,1934,50,2
Africa,OWID_AFR,1935,50,2
Africa,OWID_AFR,1936,50,2
Africa,OWID_AFR,1937,50,2
Africa,OWID_AFR,1938,50,2
Africa,OWID_AFR,1939,50,2
Africa,OWID_AFR,1940,50,2
Africa,OWID_AFR,1941,50,2
Africa,OWID_AFR,1942,50,2
Africa,OWID_AFR,1943,50,2
Africa,OWID_AFR,1944,50,2
Africa,OWID_AFR,1945,50,2
Africa,OWID_AFR,1946,51,2
Africa,OWID_AFR,1947,52,2
Africa,OWID_AFR,1948,52,2
Africa,OWID_AFR,1949,52,2
Africa,OWID_AFR,1950,52,2
Africa,OWID_AFR,1951,52,2
Africa,OWID_AFR,1952,52,2
Africa,OWID_AFR,1953,52,2
Africa,OWID_AFR,1954,52,2
Africa,OWID_AFR,1955,52,2
Africa,OWID_AFR,1956,50,4
Africa,OWID_AFR,1957,47,7
Africa,OWID_AFR,1958,48,6
Africa,OWID_AFR,1959,48,6
Africa,OWID_AFR,1960,31,22
Africa,OWID_AFR,1961,29,24
Africa,OWID_AFR,1962,26,27
Africa,OWID_AFR,1963,26,28
Africa,OWID_AFR,1964,25,29
Africa,OWID_AFR,1965,23,30
Africa,OWID_AFR,1966,26,27
Africa,OWID_AFR,1967,27,26
Africa,OWID_AFR,1968,24,29
Africa,OWID_AFR,1969,25,28
Africa,OWID_AFR,1970,25,28
Africa,OWID_AFR,1971,27,26
Africa,OWID_AFR,1972,28,25
Africa,OWID_AFR,1973,30,23
Africa,OWID_AFR,1974,30,23
Africa,OWID_AFR,1975,30,23
Africa,OWID_AFR,1976,29,24
Africa,OWID_AFR,1977,26,27
Africa,OWID_AFR,1978,25,28
Africa,OWID_AFR,1979,20,33
Africa,OWID_AFR,1980,19,34
Africa,OWID_AFR,1981,19,34
Africa,OWID_AFR,1982,19,34
Africa,OWID_AFR,1983,19,34
Africa,OWID_AFR,1984,18,35
Africa,OWID_AFR,1985,18,35
Africa,OWID_AFR,1986,18,35
Africa,OWID_AFR,1987,18,35
Africa,OWID_AFR,1988,18,35
Africa,OWID_AFR,1989,19,34
Africa,OWID_AFR,1990,19,34
Africa,OWID_AFR,1991,21,33
Africa,OWID_AFR,1992,18,36
Africa,OWID_AFR,1993,17,38
Africa,OWID_AFR,1994,17,38
Africa,OWID_AFR,1995,17,38
Africa,OWID_AFR,1996,14,41
Africa,OWID_AFR,1997,13,42
Africa,OWID_AFR,1998,12,43
Africa,OWID_AFR,1999,14,41
Africa,OWID_AFR,2000,12,43
Africa,OWID_AFR,2001,12,43
Africa,OWID_AFR,2002,11,44
Africa,OWID_AFR,2003,12,43
Africa,OWID_AFR,2004,12,43
Africa,OWID_AFR,2005,8,47
Africa,OWID_AFR,2006,7,48
Africa,OWID_AFR,2007,6,49
Africa,OWID_AFR,2008,8,47
Africa,OWID_AFR,2009,9,46
Africa,OWID_AFR,2010,9,46
Africa,OWID_AFR,2011,11,45
Africa,OWID_AFR,2012,12,44
Africa,OWID_AFR,2013,9,47
Africa,OWID_AFR,2014,9,47
Africa,OWID_AFR,2015,7,49
Africa,OWID_AFR,2016,6,50
Africa,OWID_AFR,2017,8,48
Africa,OWID_AFR,2018,8,48
Africa,OWID_AFR,2019,9,47
Africa,OWID_AFR,2020,10,46
Africa,OWID_AFR,2021,11,45
Africa,OWID_AFR,2022,12,44
Africa,OWID_AFR,2023,14,42
Africa,OWID_AFR,2024,13,43
Africa,OWID_AFR,2025,13,43
Asia,OWID_ASI,1789,23,0
Asia,OWID_ASI,1790,23,0
Asia,OWID_ASI,1791,23,0
Asia,OWID_ASI,1792,23,0
Asia,OWID_ASI,1793,23,0
Asia,OWID_ASI,1794,23,0
Asia,OWID_ASI,1795,23,0
Asia,OWID_ASI,1796,23,0
Asia,OWID_ASI,1797,23,0
Asia,OWID_ASI,1798,23,0
Asia,OWID_ASI,1799,23,0
Asia,OWID_ASI,1800,24,0
Asia,OWID_ASI,1801,24,0
Asia,OWID_ASI,1802,24,0
Asia,OWID_ASI,1803,24,0
Asia,OWID_ASI,1804,24,0
Asia,OWID_ASI,1805,24,0
Asia,OWID_ASI,1806,24,0
Asia,OWID_ASI,1807,24,0
Asia,OWID_ASI,1808,24,0
Asia,OWID_ASI,1809,24,0
Asia,OWID_ASI,1810,24,0
Asia,OWID_ASI,1811,24,0
Asia,OWID_ASI,1812,24,0
Asia,OWID_ASI,1813,24,0
Asia,OWID_ASI,1814,24,0
Asia,OWID_ASI,1815,24,0
Asia,OWID_ASI,1816,24,0
Asia,OWID_ASI,1817,24,0
Asia,OWID_ASI,1818,24,0
Asia,OWID_ASI,1819,24,0
Asia,OWID_ASI,1820,24,0
Asia,OWID_ASI,1821,24,0
Asia,OWID_ASI,1822,24,0
Asia,OWID_ASI,1823,24,0
Asia,OWID_ASI,1824,24,0
Asia,OWID_ASI,1825,24,0
Asia,OWID_ASI,1826,24,0
Asia,OWID_ASI,1827,24,0
Asia,OWID_ASI,1828,24,0
Asia,OWID_ASI,1829,24,0
Asia,OWID_ASI,1830,24,0
Asia,OWID_ASI,1831,24,0
Asia,OWID_ASI,1832,24,0
Asia,OWID_ASI,1833,24,0
Asia,OWID_ASI,1834,24,0
Asia,OWID_ASI,1835,24,0
Asia,OWID_ASI,1836,24,0
Asia,OWID_ASI,1837,24,0
Asia,OWID_ASI,1838,24,0
Asia,OWID_ASI,1839,24,0
Asia,OWID_ASI,1840,24,0
Asia,OWID_ASI,1841,24,0
Asia,OWID_ASI,1842,24,0
Asia,OWID_ASI,1843,24,0
Asia,OWID_ASI,1844,24,0
Asia,OWID_ASI,1845,24,0
Asia,OWID_ASI,1846,24,0
Asia,OWID_ASI,1847,24,0
Asia,OWID_ASI,1848,24,0
Asia,OWID_ASI,1849,24,0
Asia,OWID_ASI,1850,24,0
Asia,OWID_ASI,1851,24,0
Asia,OWID_ASI,1852,24,0
Asia,OWID_ASI,1853,24,0
Asia,OWID_ASI,1854,24,0
Asia,OWID_ASI,1855,24,0
Asia,OWID_ASI,1856,24,0
Asia,OWID_ASI,1857,24,0
Asia,OWID_ASI,1858,24,0
Asia,OWID_ASI,1859,25,0
Asia,OWID_ASI,1860,25,0
Asia,OWID_ASI,1861,25,0
Asia,OWID_ASI,1862,25,0
Asia,OWID_ASI,1863,25,0
Asia,OWID_ASI,1864,25,0
Asia,OWID_ASI,1865,25,0
Asia,OWID_ASI,1866,25,0
Asia,OWID_ASI,1867,26,0
Asia,OWID_ASI,1868,26,0
Asia,OWID_ASI,1869,26,0
Asia,OWID_ASI,1870,26,0
Asia,OWID_ASI,1871,27,0
Asia,OWID_ASI,1872,27,0
Asia,OWID_ASI,1873,27,0
Asia,OWID_ASI,1874,29,0
Asia,OWID_ASI,1875,29,0
Asia,OWID_ASI,1876,29,0
Asia,OWID_ASI,1877,29,0
Asia,OWID_ASI,1878,29,0
Asia,OWID_ASI,1879,29,0
Asia,OWID_ASI,1880,29,0
Asia,OWID_ASI,1881,29,0
Asia,OWID_ASI,1882,29,0
Asia,OWID_ASI,1883,29,0
Asia,OWID_ASI,1884,29,0
Asia,OWID_ASI,1885,29,0
Asia,OWID_ASI,1886,29,0
Asia,OWID_ASI,1887,29,0
Asia,OWID_ASI,1888,29,0
Asia,OWID_ASI,1889,29,0
Asia,OWID_ASI,1890,29,0
Asia,OWID_ASI,1891,29,0
Asia,OWID_ASI,1892,29,0
Asia,OWID_ASI,1893,29,0
Asia,OWID_ASI,1894,29,0
Asia,OWID_ASI,1895,30,0
Asia,OWID_ASI,1896,30,0
Asia,OWID_ASI,1897,30,0
Asia,OWID_ASI,1898,30,0
Asia,OWID_ASI,1899,30,0
Asia,OWID_ASI,1900,30,0
Asia,OWID_ASI,1901,30,0
Asia,OWID_ASI,1902,30,0
Asia,OWID_ASI,1903,30,0
Asia,OWID_ASI,1904,30,0
Asia,OWID_ASI,1905,30,0
Asia,OWID_ASI,1906,30,0
Asia,OWID_ASI,1907,30,0
Asia,OWID_ASI,1908,29,1
Asia,OWID_ASI,1909,29,1
Asia,OWID_ASI,1910,29,1
Asia,OWID_ASI,1911,30,1
Asia,OWID_ASI,1912,31,0
Asia,OWID_ASI,1913,31,1
Asia,OWID_ASI,1914,31,1
Asia,OWID_ASI,1915,31,1
Asia,OWID_ASI,1916,31,1
Asia,OWID_ASI,1917,31,1
Asia,OWID_ASI,1918,34,1
Asia,OWID_ASI,1919,34,1
Asia,OWID_ASI,1920,35,1
Asia,OWID_ASI,1921,34,2
Asia,OWID_ASI,1922,34,3
Asia,OWID_ASI,1923,34,3
Asia,OWID_ASI,1924,33,4
Asia,OWID_ASI,1925,33,4
Asia,OWID_ASI,1926,33,4
Asia,OWID_ASI,1927,33,4
Asia,OWID_ASI,1928,33,4
Asia,OWID_ASI,1929,33,4
Asia,OWID_ASI,1930,33,4
Asia,OWID_ASI,1931,33,4
Asia,OWID_ASI,1932,33,4
Asia,OWID_ASI,1933,32,5
Asia,OWID_ASI,1934,32,5
Asia,OWID_ASI,1935,31,6
Asia,OWID_ASI,1936,32,5
Asia,OWID_ASI,1937,32,5
Asia,OWID_ASI,1938,32,5
Asia,OWID_ASI,1939,32,5
Asia,OWID_ASI,1940,33,4
Asia,OWID_ASI,1941,33,4
Asia,OWID_ASI,1942,34,3
Asia,OWID_ASI,1943,34,3
Asia,OWID_ASI,1944,33,4
Asia,OWID_ASI,1945,34,4
Asia,OWID_ASI,1946,31,7
Asia,OWID_ASI,1947,30,9
Asia,OWID_ASI,1948,28,14
Asia,OWID_ASI,1949,27,15
Asia,OWID_ASI,1950,25,15
Asia,OWID_ASI,1951,27,13
Asia,OWID_ASI,1952,25,15
Asia,OWID_ASI,1953,24,16
Asia,OWID_ASI,1954,24,16
Asia,OWID_ASI,1955,22,18
Asia,OWID_ASI,1956,22,18
Asia,OWID_ASI,1957,22,18
Asia,OWID_ASI,1958,25,15
Asia,OWID_ASI,1959,25,15
Asia,OWID_ASI,1960,25,15
Asia,OWID_ASI,1961,23,17
Asia,OWID_ASI,1962,24,16
Asia,OWID_ASI,1963,24,16
Asia,OWID_ASI,1964,24,16
Asia,OWID_ASI,1965,23,17
Asia,OWID_ASI,1966,22,18
Asia,OWID_ASI,1967,22,18
Asia,OWID_ASI,1968,21,19
Asia,OWID_ASI,1969,23,17
Asia,OWID_ASI,1970,23,17
Asia,OWID_ASI,1971,24,18
Asia,OWID_ASI,1972,27,15
Asia,OWID_ASI,1973,22,20
Asia,OWID_ASI,1974,23,19
Asia,OWID_ASI,1975,23,18
Asia,OWID_ASI,1976,24,17
Asia,OWID_ASI,1977,24,17
Asia,OWID_ASI,1978,23,18
Asia,OWID_ASI,1979,23,18
Asia,OWID_ASI,1980,24,17
Asia,OWID_ASI,1981,22,19
Asia,OWID_ASI,1982,23,18
Asia,OWID_ASI,1983,22,19
Asia,OWID_ASI,1984,22,19
Asia,OWID_ASI,1985,21,20
Asia,OWID_ASI,1986,20,21
Asia,OWID_ASI,1987,19,22
Asia,OWID_ASI,1988,19,22
Asia,OWID_ASI,1989,18,23
Asia,OWID_ASI,1990,22,23
Asia,OWID_ASI,1991,18,30
Asia,OWID_ASI,1992,18,30
Asia,OWID_ASI,1993,18,30
Asia,OWID_ASI,1994,18,30
Asia,OWID_ASI,1995,16,32
Asia,OWID_ASI,1996,15,33
Asia,OWID_ASI,1997,15,33
Asia,OWID_ASI,1998,15,33
Asia,OWID_ASI,1999,16,32
Asia,OWID_ASI,2000,17,31
Asia,OWID_ASI,2001,16,32
Asia,OWID_ASI,2002,17,31
Asia,OWID_ASI,2003,18,30
Asia,OWID_ASI,2004,18,30
Asia,OWID_ASI,2005,16,32
Asia,OWID_ASI,2006,16,32
Asia,OWID_ASI,2007,17,32
Asia,OWID_ASI,2008,15,34
Asia,OWID_ASI,2009,17,32
Asia,OWID_ASI,2010,17,32
Asia,OWID_ASI,2011,14,35
Asia,OWID_ASI,2012,15,34
Asia,OWID_ASI,2013,14,35
Asia,OWID_ASI,2014,15,34
Asia,OWID_ASI,2015,15,34
Asia,OWID_ASI,2016,15,34
Asia,OWID_ASI,2017,15,34
Asia,OWID_ASI,2018,15,34
Asia,OWID_ASI,2019,14,35
Asia,OWID_ASI,2020,15,34
Asia,OWID_ASI,2021,16,33
Asia,OWID_ASI,2022,16,33
Asia,OWID_ASI,2023,16,33
Asia,OWID_ASI,2024,18,31
Asia,OWID_ASI,2025,18,31
Europe,OWID_EUR,1789,31,1
Europe,OWID_EUR,1790,32,1
Europe,OWID_EUR,1791,32,1
Europe,OWID_EUR,1792,31,2
Europe,OWID_EUR,1793,32,1
Europe,OWID_EUR,1794,32,1
Europe,OWID_EUR,1795,32,1
Europe,OWID_EUR,1796,31,1
Europe,OWID_EUR,1797,31,1
Europe,OWID_EUR,1798,32,1
Europe,OWID_EUR,1799,32,1
Europe,OWID_EUR,1800,32,1
Europe,OWID_EUR,1801,32,1
Europe,OWID_EUR,1802,32,1
Europe,OWID_EUR,1803,32,1
Europe,OWID_EUR,1804,33,1
Europe,OWID_EUR,1805,33,1
Europe,OWID_EUR,1806,34,1
Europe,OWID_EUR,1807,33,1
Europe,OWID_EUR,1808,33,1
Europe,OWID_EUR,1809,35,1
Europe,OWID_EUR,1810,35,1
Europe,OWID_EUR,1811,35,1
Europe,OWID_EUR,1812,34,2
Europe,OWID_EUR,1813,34,2
Europe,OWID_EUR,1814,37,2
Europe,OWID_EUR,1815,38,2
Europe,OWID_EUR,1816,38,2
Europe,OWID_EUR,1817,38,2
Europe,OWID_EUR,1818,38,2
Europe,OWID_EUR,1819,38,2
Europe,OWID_EUR,1820,37,3
Europe,OWID_EUR,1821,37,3
Europe,OWID_EUR,1822,38,3
Europe,OWID_EUR,1823,39,2
Europe,OWID_EUR,1824,39,2
Europe,OWID_EUR,1825,39,2
Europe,OWID_EUR,1826,39,2
Europe,OWID_EUR,1827,39,2
Europe,OWID_EUR,1828,39,2
Europe,OWID_EUR,1829,39,2
Europe,OWID_EUR,1830,39,3
Europe,OWID_EUR,1831,39,3
Europe,OWID_EUR,1832,39,3
Europe,OWID_EUR,1833,39,3
Europe,OWID_EUR,1834,39,3
Europe,OWID_EUR,1835,39,3
Europe,OWID_EUR,1836,39,3
Europe,OWID_EUR,1837,39,3
Europe,OWID_EUR,1838,39,3
Europe,OWID_EUR,1839,39,3
Europe,OWID_EUR,1840,40,3
Europe,OWID_EUR,1841,40,3
Europe,OWID_EUR,1842,40,3
Europe,OWID_EUR,1843,40,3
Europe,OWID_EUR,1844,41,3
Europe,OWID_EUR,1845,41,3
Europe,OWID_EUR,1846,41,3
Europe,OWID_EUR,1847,41,3
Europe,OWID_EUR,1848,38,6
Europe,OWID_EUR,1849,39,5
Europe,OWID_EUR,1850,39,5
Europe,OWID_EUR,1851,39,5
Europe,OWID_EUR,1852,40,4
Europe,OWID_EUR,1853,40,4
Europe,OWID_EUR,1854,40,4
Europe,OWID_EUR,1855,40,4
Europe,OWID_EUR,1856,40,4
Europe,OWID_EUR,1857,40,4
Europe,OWID_EUR,1858,40,4
Europe,OWID_EUR,1859,40,4
Europe,OWID_EUR,1860,40,4
Europe,OWID_EUR,1861,35,5
Europe,OWID_EUR,1862,35,5
Europe,OWID_EUR,1863,35,5
Europe,OWID_EUR,1864,35,5
Europe,OWID_EUR,1865,35,5
Europe,OWID_EUR,1866,34,6
Europe,OWID_EUR,1867,34,6
Europe,OWID_EUR,1868,31,6
Europe,OWID_EUR,1869,31,6
Europe,OWID_EUR,1870,29,7
Europe,OWID_EUR,1871,21,7
Europe,OWID_EUR,1872,21,7
Europe,OWID_EUR,1873,21,7
Europe,OWID_EUR,1874,21,7
Europe,OWID_EUR,1875,20,8
Europe,OWID_EUR,1876,20,8
Europe,OWID_EUR,1877,20,8
Europe,OWID_EUR,1878,22,8
Europe,OWID_EUR,1879,22,8
Europe,OWID_EUR,1880,22,8
Europe,OWID_EUR,1881,22,8
Europe,OWID_EUR,1882,22,8
Europe,OWID_EUR,1883,22,8
Europe,OWID_EUR,1884,21,9
Europe,OWID_EUR,1885,21,9
Europe,OWID_EUR,1886,21,9
Europe,OWID_EUR,1887,21,9
Europe,OWID_EUR,1888,21,9
Europe,OWID_EUR,1889,21,9
Europe,OWID_EUR,1890,20,10
Europe,OWID_EUR,1891,20,10
Europe,OWID_EUR,1892,20,10
Europe,OWID_EUR,1893,20,10
Europe,OWID_EUR,1894,20,10
Europe,OWID_EUR,1895,20,10
Europe,OWID_EUR,1896,20,10
Europe,OWID_EUR,1897,20,10
Europe,OWID_EUR,1898,20,10
Europe,OWID_EUR,1899,20,10
Europe,OWID_EUR,1900,20,10
Europe,OWID_EUR,1901,19,11
Europe,OWID_EUR,1902,19,11
Europe,OWID_EUR,1903,18,12
Europe,OWID_EUR,1904,18,12
Europe,OWID_EUR,1905,18,12
Europe,OWID_EUR,1906,17,13
Europe,OWID_EUR,1907,17,13
Europe,OWID_EUR,1908,17,13
Europe,OWID_EUR,1909,18,12
Europe,OWID_EUR,1910,17,13
Europe,OWID_EUR,1911,16,14
Europe,OWID_EUR,1912,17,14
Europe,OWID_EUR,1913,17,14
Europe,OWID_EUR,1914,18,13
Europe,OWID_EUR,1915,19,11
Europe,OWID_EUR,1916,19,11
Europe,OWID_EUR,1917,20,11
Europe,OWID_EUR,1918,19,16
Europe,OWID_EUR,1919,13,22
Europe,OWID_EUR,1920,8,27
Europe,OWID_EUR,1921,7,28
Europe,OWID_EUR,1922,7,28
Europe,OWID_EUR,1923,7,28
Europe,OWID_EUR,1924,7,28
Europe,OWID_EUR,1925,8,27
Europe,OWID_EUR,1926,10,25
Europe,OWID_EUR,1927,10,25
Europe,OWID_EUR,1928,8,27
Europe,OWID_EUR,1929,10,25
Europe,OWID_EUR,1930,11,24
Europe,OWID_EUR,1931,9,26
Europe,OWID_EUR,1932,9,26
Europe,OWID_EUR,1933,11,24
Europe,OWID_EUR,1934,14,21
Europe,OWID_EUR,1935,14,21
Europe,OWID_EUR,1936,13,22
Europe,OWID_EUR,1937,13,22
Europe,OWID_EUR,1938,12,23
Europe,OWID_EUR,1939,14,21
Europe,OWID_EUR,1940,19,13
Europe,OWID_EUR,1941,20,12
Europe,OWID_EUR,1942,20,12
Europe,OWID_EUR,1943,20,12
Europe,OWID_EUR,1944,22,10
Europe,OWID_EUR,1945,14,19
Europe,OWID_EUR,1946,8,25
Europe,OWID_EUR,1947,6,27
Europe,OWID_EUR,1948,6,27
Europe,OWID_EUR,1949,4,29
Europe,OWID_EUR,1950,4,29
Europe,OWID_EUR,1951,4,29
Europe,OWID_EUR,1952,4,29
Europe,OWID_EUR,1953,4,29
Europe,OWID_EUR,1954,4,29
Europe,OWID_EUR,1955,4,29
Europe,OWID_EUR,1956,4,29
Europe,OWID_EUR,1957,4,29
Europe,OWID_EUR,1958,4,29
Europe,OWID_EUR,1959,4,29
Europe,OWID_EUR,1960,3,30
Europe,OWID_EUR,1961,3,30
Europe,OWID_EUR,1962,3,30
Europe,OWID_EUR,1963,3,30
Europe,OWID_EUR,1964,3,30
Europe,OWID_EUR,1965,4,29
Europe,OWID_EUR,1966,4,29
Europe,OWID_EUR,1967,4,29
Europe,OWID_EUR,1968,4,29
Europe,OWID_EUR,1969,4,29
Europe,OWID_EUR,1970,4,29
Europe,OWID_EUR,1971,4,29
Europe,OWID_EUR,1972,4,29
Europe,OWID_EUR,1973,4,29
Europe,OWID_EUR,1974,5,28
Europe,OWID_EUR,1975,4,29
Europe,OWID_EUR,1976,2,31
Europe,OWID_EUR,1977,2,31
Europe,OWID_EUR,1978,2,31
Europe,OWID_EUR,1979,2,31
Europe,OWID_EUR,1980,2,31
Europe,OWID_EUR,1981,2,31
Europe,OWID_EUR,1982,2,31
Europe,OWID_EUR,1983,2,31
Europe,OWID_EUR,1984,2,31
Europe,OWID_EUR,1985,2,31
Europe,OWID_EUR,1986,2,31
Europe,OWID_EUR,1987,2,31
Europe,OWID_EUR,1988,2,31
Europe,OWID_EUR,1989,2,31
Europe,OWID_EUR,1990,3,33
Europe,OWID_EUR,1991,3,39
Europe,OWID_EUR,1992,3,39
Europe,OWID_EUR,1993,3,40
Europe,OWID_EUR,1994,3,40
Europe,OWID_EUR,1995,3,40
Europe,OWID_EUR,1996,2,41
Europe,OWID_EUR,1997,2,41
Europe,OWID_EUR,1998,2,41
Europe,OWID_EUR,1999,2,41
Europe,OWID_EUR,2000,2,41
Europe,OWID_EUR,2001,2,41
Europe,OWID_EUR,2002,2,41
Europe,OWID_EUR,2003,2,41
Europe,OWID_EUR,2004,2,41
Europe,OWID_EUR,2005,2,41
Europe,OWID_EUR,2006,2,42
Europe,OWID_EUR,2007,2,42
Europe,OWID_EUR,2008,3,42
Europe,OWID_EUR,2009,3,42
Europe,OWID_EUR,2010,3,42
Europe,OWID_EUR,2011,3,42
Europe,OWID_EUR,2012,2,43
Europe,OWID_EUR,2013,2,43
Europe,OWID_EUR,2014,2,43
Europe,OWID_EUR,2015,2,43
Europe,OWID_EUR,2016,2,43
Europe,OWID_EUR,2017,2,43
Europe,OWID_EUR,2018,2,43
Europe,OWID_EUR,2019,2,43
Europe,OWID_EUR,2020,2,43
Europe,OWID_EUR,2021,2,43
Europe,OWID_EUR,2022,2,43
Europe,OWID_EUR,2023,2,43
Europe,OWID_EUR,2024,2,43
Europe,OWID_EUR,2025,2,43
North America,OWID_NAM,1789,6,1
North America,OWID_NAM,1790,6,1
North America,OWID_NAM,1791,6,1
North America,OWID_NAM,1792,6,1
North America,OWID_NAM,1793,6,1
North America,OWID_NAM,1794,6,1
North America,OWID_NAM,1795,6,1
North America,OWID_NAM,1796,6,1
North America,OWID_NAM,1797,6,1
North America,OWID_NAM,1798,6,1
North America,OWID_NAM,1799,6,1
North America,OWID_NAM,1800,6,1
North America,OWID_NAM,1801,6,1
North America,OWID_NAM,1802,6,1
North America,OWID_NAM,1803,6,1
North America,OWID_NAM,1804,6,1
North America,OWID_NAM,1805,6,1
North America,OWID_NAM,1806,6,1
North America,OWID_NAM,1807,6,1
North America,OWID_NAM,1808,6,1
North America,OWID_NAM,1809,6,1
North America,OWID_NAM,1810,6,1
North America,OWID_NAM,1811,6,1
North America,OWID_NAM,1812,6,1
North America,OWID_NAM,1813,6,1
North America,OWID_NAM,1814,6,1
North America,OWID_NAM,1815,6,1
North America,OWID_NAM,1816,6,1
North America,OWID_NAM,1817,6,1
North America,OWID_NAM,1818,6,1
North America,OWID_NAM,1819,6,1
North America,OWID_NAM,1820,6,1
North America,OWID_NAM,1821,6,1
North America,OWID_NAM,1822,6,1
North America,OWID_NAM,1823,5,2
North America,OWID_NAM,1824,5,2
North America,OWID_NAM,1825,4,3
North America,OWID_NAM,1826,4,3
North America,OWID_NAM,1827,4,3
North America,OWID_NAM,1828,5,2
North America,OWID_NAM,1829,5,2
North America,OWID_NAM,1830,5,2
North America,OWID_NAM,1831,5,2
North America,OWID_NAM,1832,6,2
North America,OWID_NAM,1833,5,3
North America,OWID_NAM,1834,6,2
North America,OWID_NAM,1835,5,3
North America,OWID_NAM,1836,5,3
North America,OWID_NAM,1837,5,3
North America,OWID_NAM,1838,8,4
North America,OWID_NAM,1839,9,4
North America,OWID_NAM,1840,8,5
North America,OWID_NAM,1841,11,3
North America,OWID_NAM,1842,10,4
North America,OWID_NAM,1843,10,4
North America,OWID_NAM,1844,9,5
North America,OWID_NAM,1845,7,7
North America,OWID_NAM,1846,7,7
North America,OWID_NAM,1847,7,7
North America,OWID_NAM,1848,6,8
North America,OWID_NAM,1849,6,8
North America,OWID_NAM,1850,6,8
North America,OWID_NAM,1851,7,7
North America,OWID_NAM,1852,7,7
North America,OWID_NAM,1853,7,7
North America,OWID_NAM,1854,8,6
North America,OWID_NAM,1855,9,5
North America,OWID_NAM,1856,9,5
North America,OWID_NAM,1857,7,7
North America,OWID_NAM,1858,8,6
North America,OWID_NAM,1859,10,4
North America,OWID_NAM,1860,8,6
North America,OWID_NAM,1861,8,6
North America,OWID_NAM,1862,10,5
North America,OWID_NAM,1863,11,4
North America,OWID_NAM,1864,11,4
North America,OWID_NAM,1865,9,6
North America,OWID_NAM,1866,8,7
North America,OWID_NAM,1867,6,9
North America,OWID_NAM,1868,7,8
North America,OWID_NAM,1869,7,8
North America,OWID_NAM,1870,8,7
North America,OWID_NAM,1871,9,6
North America,OWID_NAM,1872,9,6
North America,OWID_NAM,1873,8,7
North America,OWID_NAM,1874,6,9
North America,OWID_NAM,1875,7,8
North America,OWID_NAM,1876,11,4
North America,OWID_NAM,1877,9,6
North America,OWID_NAM,1878,8,7
North America,OWID_NAM,1879,9,6
North America,OWID_NAM,1880,7,8
North America,OWID_NAM,1881,7,8
North America,OWID_NAM,1882,6,9
North America,OWID_NAM,1883,6,9
North America,OWID_NAM,1884,7,9
North America,OWID_NAM,1885,8,8
North America,OWID_NAM,1886,8,8
North America,OWID_NAM,1887,7,9
North America,OWID_NAM,1888,7,9
North America,OWID_NAM,1889,8,9
North America,OWID_NAM,1890,8,9
North America,OWID_NAM,1891,8,9
North America,OWID_NAM,1892,9,8
North America,OWID_NAM,1893,9,8
North America,OWID_NAM,1894,11,6
North America,OWID_NAM,1895,9,8
North America,OWID_NAM,1896,7,10
North America,OWID_NAM,1897,8,9
North America,OWID_NAM,1898,9,8
North America,OWID_NAM,1899,7,10
North America,OWID_NAM,1900,7,10
North America,OWID_NAM,1901,7,10
North America,OWID_NAM,1902,8,9
North America,OWID_NAM,1903,10,8
North America,OWID_NAM,1904,7,11
North America,OWID_NAM,1905,7,11
North America,OWID_NAM,1906,8,10
North America,OWID_NAM,1907,8,10
North America,OWID_NAM,1908,6,12
North America,OWID_NAM,1909,6,12
North America,OWID_NAM,1910,6,12
North America,OWID_NAM,1911,7,11
North America,OWID_NAM,1912,6,12
North America,OWID_NAM,1913,6,12
North America,OWID_NAM,1914,6,12
North America,OWID_NAM,1915,6,12
North America,OWID_NAM,1916,7,11
North America,OWID_NAM,1917,8,10
North America,OWID_NAM,1918,8,10
North America,OWID_NAM,1919,7,11
North America,OWID_NAM,1920,7,11
North America,OWID_NAM,1921,8,10
North America,OWID_NAM,1922,7,11
North America,OWID_NAM,1923,8,10
North America,OWID_NAM,1924,8,11
North America,OWID_NAM,1925,7,12
North America,OWID_NAM,1926,8,11
North America,OWID_NAM,1927,8,11
North America,OWID_NAM,1928,7,12
North America,OWID_NAM,1929,7,12
North America,OWID_NAM,1930,6,13
North America,OWID_NAM,1931,8,11
North America,OWID_NAM,1932,7,12
North America,OWID_NAM,1933,7,11
North America,OWID_NAM,1934,7,11
North America,OWID_NAM,1935,7,11
North America,OWID_NAM,1936,6,12
North America,OWID_NAM,1937,7,12
North America,OWID_NAM,1938,7,12
North America,OWID_NAM,1939,8,11
North America,OWID_NAM,1940,8,11
North America,OWID_NAM,1941,8,11
North America,OWID_NAM,1942,8,11
North America,OWID_NAM,1943,8,11
North America,OWID_NAM,1944,8,11
North America,OWID_NAM,1945,7,12
North America,OWID_NAM,1946,7,12
North America,OWID_NAM,1947,7,12
North America,OWID_NAM,1948,9,10
North America,OWID_NAM,1949,8,11
North America,OWID_NAM,1950,7,12
North America,OWID_NAM,1951,11,12
North America,OWID_NAM,1952,12,11
North America,OWID_NAM,1953,12,11
North America,OWID_NAM,1954,13,10
North America,OWID_NAM,1955,13,10
North America,OWID_NAM,1956,13,10
North America,OWID_NAM,1957,12,11
North America,OWID_NAM,1958,11,12
North America,OWID_NAM,1959,12,11
North America,OWID_NAM,1960,13,10
North America,OWID_NAM,1961,12,11
North America,OWID_NAM,1962,10,13
North America,OWID_NAM,1963,12,11
North America,OWID_NAM,1964,10,13
North America,OWID_NAM,1965,9,14
North America,OWID_NAM,1966,7,16
North America,OWID_NAM,1967,2,21
North America,OWID_NAM,1968,3,20
North America,OWID_NAM,1969,2,21
North America,OWID_NAM,1970,2,21
North America,OWID_NAM,1971,4,19
North America,OWID_NAM,1972,3,20
North America,OWID_NAM,1973,3,20
North America,OWID_NAM,1974,3,20
North America,OWID_NAM,1975,3,20
North America,OWID_NAM,1976,2,21
North America,OWID_NAM,1977,2,21
North America,OWID_NAM,1978,2,21
North America,OWID_NAM,1979,5,18
North America,OWID_NAM,1980,5,18
North America,OWID_NAM,1981,5,18
North America,OWID_NAM,1982,4,19
North America,OWID_NAM,1983,4,19
North America,OWID_NAM,1984,2,21
North America,OWID_NAM,1985,1,22
North America,OWID_NAM,1986,1,22
North America,OWID_NAM,1987,1,22
North America,OWID_NAM,1988,1,22
North America,OWID_NAM,1989,1,22
North America,OWID_NAM,1990,0,23
North America,OWID_NAM,1991,1,22
North America,OWID_NAM,1992,1,22
North America,OWID_NAM,1993,1,22
North America,OWID_NAM,1994,0,23
North America,OWID_NAM,1995,0,23
North America,OWID_NAM,1996,0,23
North America,OWID_NAM,1997,0,23
North America,OWID_NAM,1998,0,23
North America,OWID_NAM,1999,0,23
North America,OWID_NAM,2000,0,23
North America,OWID_NAM,2001,0,23
North America,OWID_NAM,2002,0,23
North America,OWID_NAM,2003,0,23
North America,OWID_NAM,2004,1,22
North America,OWID_NAM,2005,1,22
North America,OWID_NAM,2006,0,23
North America,OWID_NAM,2007,0,23
North America,OWID_NAM,2008,0,23
North America,OWID_NAM,2009,1,22
North America,OWID_NAM,2010,0,23
North America,OWID_NAM,2011,1,22
North America,OWID_NAM,2012,1,22
North America,OWID_NAM,2013,1,22
North America,OWID_NAM,2014,1,22
North America,OWID_NAM,2015,1,22
North America,OWID_NAM,2016,0,23
North America,OWID_NAM,2017,0,23
North America,OWID_NAM,2018,0,23
North America,OWID_NAM,2019,1,22
North America,OWID_NAM,2020,1,22
North America,OWID_NAM,2021,1,22
North America,OWID_NAM,2022,1,22
North America,OWID_NAM,2023,1,22
North America,OWID_NAM,2024,1,22
North America,OWID_NAM,2025,1,22
Oceania,OWID_OCE,1789,1,0
Oceania,OWID_OCE,1790,1,0
Oceania,OWID_OCE,1791,1,0
Oceania,OWID_OCE,1792,1,0
Oceania,OWID_OCE,1793,1,0
Oceania,OWID_OCE,1794,1,0
Oceania,OWID_OCE,1795,1,0
Oceania,OWID_OCE,1796,1,0
Oceania,OWID_OCE,1797,1,0
Oceania,OWID_OCE,1798,1,0
Oceania,OWID_OCE,1799,1,0
Oceania,OWID_OCE,1800,1,0
Oceania,OWID_OCE,1801,1,0
Oceania,OWID_OCE,1802,1,0
Oceania,OWID_OCE,1803,1,0
Oceania,OWID_OCE,1804,1,0
Oceania,OWID_OCE,1805,1,0
Oceania,OWID_OCE,1806,1,0
Oceania,OWID_OCE,1807,1,0
Oceania,OWID_OCE,1808,1,0
Oceania,OWID_OCE,1809,1,0
Oceania,OWID_OCE,1810,1,0
Oceania,OWID_OCE,1811,1,0
Oceania,OWID_OCE,1812,1,0
Oceania,OWID_OCE,1813,1,0
Oceania,OWID_OCE,1814,1,0
Oceania,OWID_OCE,1815,1,0
Oceania,OWID_OCE,1816,1,0
Oceania,OWID_OCE,1817,1,0
Oceania,OWID_OCE,1818,1,0
Oceania,OWID_OCE,1819,1,0
Oceania,OWID_OCE,1820,1,0
Oceania,OWID_OCE,1821,1,0
Oceania,OWID_OCE,1822,1,0
Oceania,OWID_OCE,1823,1,0
Oceania,OWID_OCE,1824,1,0
Oceania,OWID_OCE,1825,1,0
Oceania,OWID_OCE,1826,1,0
Oceania,OWID_OCE,1827,1,0
Oceania,OWID_OCE,1828,1,0
Oceania,OWID_OCE,1829,1,0
Oceania,OWID_OCE,1830,1,0
Oceania,OWID_OCE,1831,1,0
Oceania,OWID_OCE,1832,1,0
Oceania,OWID_OCE,1833,1,0
Oceania,OWID_OCE,1834,1,0
Oceania,OWID_OCE,1835,1,0
Oceania,OWID_OCE,1836,1,0
Oceania,OWID_OCE,1837,1,0
Oceania,OWID_OCE,1838,1,0
Oceania,OWID_OCE,1839,1,0
Oceania,OWID_OCE,1840,1,0
Oceania,OWID_OCE,1841,2,0
Oceania,OWID_OCE,1842,2,0
Oceania,OWID_OCE,1843,2,0
Oceania,OWID_OCE,1844,2,0
Oceania,OWID_OCE,1845,3,0
Oceania,OWID_OCE,1846,3,0
Oceania,OWID_OCE,1847,3,0
Oceania,OWID_OCE,1848,3,0
Oceania,OWID_OCE,1849,3,0
Oceania,OWID_OCE,1850,3,0
Oceania,OWID_OCE,1851,3,0
Oceania,OWID_OCE,1852,3,0
Oceania,OWID_OCE,1853,3,0
Oceania,OWID_OCE,1854,3,0
Oceania,OWID_OCE,1855,3,0
Oceania,OWID_OCE,1856,3,0
Oceania,OWID_OCE,1857,3,0
Oceania,OWID_OCE,1858,3,0
Oceania,OWID_OCE,1859,3,0
Oceania,OWID_OCE,1860,3,0
Oceania,OWID_OCE,1861,3,0
Oceania,OWID_OCE,1862,3,0
Oceania,OWID_OCE,1863,3,0
Oceania,OWID_OCE,1864,3,0
Oceania,OWID_OCE,1865,1,2
Oceania,OWID_OCE,1866,1,2
Oceania,OWID_OCE,1867,1,2
Oceania,OWID_OCE,1868,1,2
Oceania,OWID_OCE,1869,1,2
Oceania,OWID_OCE,1870,1,2
Oceania,OWID_OCE,1871,1,2
Oceania,OWID_OCE,1872,1,2
Oceania,OWID_OCE,1873,1,2
Oceania,OWID_OCE,1874,2,2
Oceania,OWID_OCE,1875,3,2
Oceania,OWID_OCE,1876,3,2
Oceania,OWID_OCE,1877,3,2
Oceania,OWID_OCE,1878,3,2
Oceania,OWID_OCE,1879,3,2
Oceania,OWID_OCE,1880,3,2
Oceania,OWID_OCE,1881,3,2
Oceania,OWID_OCE,1882,3,2
Oceania,OWID_OCE,1883,3,2
Oceania,OWID_OCE,1884,4,2
Oceania,OWID_OCE,1885,4,2
Oceania,OWID_OCE,1886,4,2
Oceania,OWID_OCE,1887,4,2
Oceania,OWID_OCE,1888,5,2
Oceania,OWID_OCE,1889,5,2
Oceania,OWID_OCE,1890,5,2
Oceania,OWID_OCE,1891,5,2
Oceania,OWID_OCE,1892,6,2
Oceania,OWID_OCE,1893,7,2
Oceania,OWID_OCE,1894,7,2
Oceania,OWID_OCE,1895,7,2
Oceania,OWID_OCE,1896,7,2
Oceania,OWID_OCE,1897,7,2
Oceania,OWID_OCE,1898,7,2
Oceania,OWID_OCE,1899,7,2
Oceania,OWID_OCE,1900,7,2
Oceania,OWID_OCE,1901,7,2
Oceania,OWID_OCE,1902,8,2
Oceania,OWID_OCE,1903,8,2
Oceania,OWID_OCE,1904,8,2
Oceania,OWID_OCE,1905,8,2
Oceania,OWID_OCE,1906,9,2
Oceania,OWID_OCE,1907,9,2
Oceania,OWID_OCE,1908,9,2
Oceania,OWID_OCE,1909,9,2
Oceania,OWID_OCE,1910,9,2
Oceania,OWID_OCE,1911,9,2
Oceania,OWID_OCE,1912,9,2
Oceania,OWID_OCE,1913,9,2
Oceania,OWID_OCE,1914,9,2
Oceania,OWID_OCE,1915,9,2
Oceania,OWID_OCE,1916,9,2
Oceania,OWID_OCE,1917,9,2
Oceania,OWID_OCE,1918,9,2
Oceania,OWID_OCE,1919,9,2
Oceania,OWID_OCE,1920,9,2
Oceania,OWID_OCE,1921,9,2
Oceania,OWID_OCE,1922,9,2
Oceania,OWID_OCE,1923,9,2
Oceania,OWID_OCE,1924,9,2
Oceania,OWID_OCE,1925,9,2
Oceania,OWID_OCE,1926,9,2
Oceania,OWID_OCE,1927,9,2
Oceania,OWID_OCE,1928,9,2
Oceania,OWID_OCE,1929,9,2
Oceania,OWID_OCE,1930,9,2
Oceania,OWID_OCE,1931,9,2
Oceania,OWID_OCE,1932,9,2
Oceania,OWID_OCE,1933,9,2
Oceania,OWID_OCE,1934,9,2
Oceania,OWID_OCE,1935,9,2
Oceania,OWID_OCE,1936,9,2
Oceania,OWID_OCE,1937,9,2
Oceania,OWID_OCE,1938,9,2
Oceania,OWID_OCE,1939,9,2
Oceania,OWID_OCE,1940,9,2
Oceania,OWID_OCE,1941,9,2
Oceania,OWID_OCE,1942,9,2
Oceania,OWID_OCE,1943,9,2
Oceania,OWID_OCE,1944,9,2
Oceania,OWID_OCE,1945,9,2
Oceania,OWID_OCE,1946,9,2
Oceania,OWID_OCE,1947,11,2
Oceania,OWID_OCE,1948,11,2
Oceania,OWID_OCE,1949,11,2
Oceania,OWID_OCE,1950,11,2
Oceania,OWID_OCE,1951,11,2
Oceania,OWID_OCE,1952,11,2
Oceania,OWID_OCE,1953,11,2
Oceania,OWID_OCE,1954,11,2
Oceania,OWID_OCE,1955,11,2
Oceania,OWID_OCE,1956,11,2
Oceania,OWID_OCE,1957,11,2
Oceania,OWID_OCE,1958,11,2
Oceania,OWID_OCE,1959,11,2
Oceania,OWID_OCE,1960,11,2
Oceania,OWID_OCE,1961,11,2
Oceania,OWID_OCE,1962,10,3
Oceania,OWID_OCE,1963,10,3
Oceania,OWID_OCE,1964,10,3
Oceania,OWID_OCE,1965,10,3
Oceania,OWID_OCE,1966,9,4
Oceania,OWID_OCE,1967,9,4
Oceania,OWID_OCE,1968,9,4
Oceania,OWID_OCE,1969,9,4
Oceania,OWID_OCE,1970,8,5
Oceania,OWID_OCE,1971,8,5
Oceania,OWID_OCE,1972,8,5
Oceania,OWID_OCE,1973,8,5
Oceania,OWID_OCE,1974,8,5
Oceania,OWID_OCE,1975,8,6
Oceania,OWID_OCE,1976,8,6
Oceania,OWID_OCE,1977,8,6
Oceania,OWID_OCE,1978,5,9
Oceania,OWID_OCE,1979,3,11
Oceania,OWID_OCE,1980,2,12
Oceania,OWID_OCE,1981,1,13
Oceania,OWID_OCE,1982,1,13
Oceania,OWID_OCE,1983,1,13
Oceania,OWID_OCE,1984,1,13
Oceania,OWID_OCE,1985,1,13
Oceania,OWID_OCE,1986,1,13
Oceania,OWID_OCE,1987,2,12
Oceania,OWID_OCE,1988,2,12
Oceania,OWID_OCE,1989,2,12
Oceania,OWID_OCE,1990,2,12
Oceania,OWID_OCE,1991,2,12
Oceania,OWID_OCE,1992,1,13
Oceania,OWID_OCE,1993,1,13
Oceania,OWID_OCE,1994,1,13
Oceania,OWID_OCE,1995,1,13
Oceania,OWID_OCE,1996,1,13
Oceania,OWID_OCE,1997,1,13
Oceania,OWID_OCE,1998,1,13
Oceania,OWID_OCE,1999,1,13
Oceania,OWID_OCE,2000,2,12
Oceania,OWID_OCE,2001,1,13
Oceania,OWID_OCE,2002,1,13
Oceania,OWID_OCE,2003,1,13
Oceania,OWID_OCE,2004,1,13
Oceania,OWID_OCE,2005,1,13
Oceania,OWID_OCE,2006,2,12
Oceania,OWID_OCE,2007,2,12
Oceania,OWID_OCE,2008,2,12
Oceania,OWID_OCE,2009,2,12
Oceania,OWID_OCE,2010,1,13
Oceania,OWID_OCE,2011,1,13
Oceania,OWID_OCE,2012,1,13
Oceania,OWID_OCE,2013,1,13
Oceania,OWID_OCE,2014,0,14
Oceania,OWID_OCE,2015,0,14
Oceania,OWID_OCE,2016,0,14
Oceania,OWID_OCE,2017,0,14
Oceania,OWID_OCE,2018,0,14
Oceania,OWID_OCE,2019,0,14
Oceania,OWID_OCE,2020,0,14
Oceania,OWID_OCE,2021,0,14
Oceania,OWID_OCE,2022,0,14
Oceania,OWID_OCE,2023,0,14
Oceania,OWID_OCE,2024,0,14
Oceania,OWID_OCE,2025,0,14
South America,OWID_SAM,1789,6,0
South America,OWID_SAM,1790,6,0
South America,OWID_SAM,1791,6,0
South America,OWID_SAM,1792,6,0
South America,OWID_SAM,1793,6,0
South America,OWID_SAM,1794,6,0
South America,OWID_SAM,1795,6,0
South America,OWID_SAM,1796,6,0
South America,OWID_SAM,1797,6,0
South America,OWID_SAM,1798,6,0
South America,OWID_SAM,1799,6,0
South America,OWID_SAM,1800,6,0
South America,OWID_SAM,1801,6,0
South America,OWID_SAM,1802,6,0
South America,OWID_SAM,1803,6,0
South America,OWID_SAM,1804,6,0
South America,OWID_SAM,1805,6,0
South America,OWID_SAM,1806,6,0
South America,OWID_SAM,1807,6,0
South America,OWID_SAM,1808,6,0
South America,OWID_SAM,1809,6,0
South America,OWID_SAM,1810,6,0
South America,OWID_SAM,1811,6,1
South America,OWID_SAM,1812,7,0
South America,OWID_SAM,1813,6,1
South America,OWID_SAM,1814,6,1
South America,OWID_SAM,1815,7,0
South America,OWID_SAM,1816,6,1
South America,OWID_SAM,1817,6,1
South America,OWID_SAM,1818,6,1
South America,OWID_SAM,1819,6,1
South America,OWID_SAM,1820,7,0
South America,OWID_SAM,1821,6,0
South America,OWID_SAM,1822,5,1
South America,OWID_SAM,1823,5,1
South America,OWID_SAM,1824,5,1
South America,OWID_SAM,1825,7,1
South America,OWID_SAM,1826,4,4
South America,OWID_SAM,1827,4,4
South America,OWID_SAM,1828,5,3
South America,OWID_SAM,1829,5,3
South America,OWID_SAM,1830,4,6
South America,OWID_SAM,1831,3,7
South America,OWID_SAM,1832,2,8
South America,OWID_SAM,1833,2,8
South America,OWID_SAM,1834,3,7
South America,OWID_SAM,1835,3,7
South America,OWID_SAM,1836,4,6
South America,OWID_SAM,1837,4,6
South America,OWID_SAM,1838,5,5
South America,OWID_SAM,1839,4,6
South America,OWID_SAM,1840,2,8
South America,OWID_SAM,1841,2,8
South America,OWID_SAM,1842,4,6
South America,OWID_SAM,1843,3,7
South America,OWID_SAM,1844,3,7
South America,OWID_SAM,1845,3,7
South America,OWID_SAM,1846,3,7
South America,OWID_SAM,1847,3,7
South America,OWID_SAM,1848,4,6
South America,OWID_SAM,1849,3,7
South America,OWID_SAM,1850,5,5
South America,OWID_SAM,1851,5,5
South America,OWID_SAM,1852,4,6
South America,OWID_SAM,1853,5,5
South America,OWID_SAM,1854,3,7
South America,OWID_SAM,1855,3,7
South America,OWID_SAM,1856,3,7
South America,OWID_SAM,1857,2,8
South America,OWID_SAM,1858,4,6
South America,OWID_SAM,1859,4,6
South America,OWID_SAM,1860,4,6
South America,OWID_SAM,1861,4,6
South America,OWID_SAM,1862,4,6
South America,OWID_SAM,1863,6,5
South America,OWID_SAM,1864,5,6
South America,OWID_SAM,1865,4,7
South America,OWID_SAM,1866,6,5
South America,OWID_SAM,1867,6,5
South America,OWID_SAM,1868,4,7
South America,OWID_SAM,1869,5,6
South America,OWID_SAM,1870,5,6
South America,OWID_SAM,1871,4,7
South America,OWID_SAM,1872,4,7
South America,OWID_SAM,1873,3,8
South America,OWID_SAM,1874,3,8
South America,OWID_SAM,1875,4,7
South America,OWID_SAM,1876,5,6
South America,OWID_SAM,1877,5,6
South America,OWID_SAM,1878,5,6
South America,OWID_SAM,1879,6,5
South America,OWID_SAM,1880,4,7
South America,OWID_SAM,1881,4,7
South America,OWID_SAM,1882,4,7
South America,OWID_SAM,1883,4,7
South America,OWID_SAM,1884,4,7
South America,OWID_SAM,1885,4,7
South America,OWID_SAM,1886,3,8
South America,OWID_SAM,1887,3,8
South America,OWID_SAM,1888,2,9
South America,OWID_SAM,1889,3,8
South America,OWID_SAM,1890,3,8
South America,OWID_SAM,1891,3,8
South America,OWID_SAM,1892,3,9
South America,OWID_SAM,1893,3,9
South America,OWID_SAM,1894,2,10
South America,OWID_SAM,1895,3,9
South America,OWID_SAM,1896,3,9
South America,OWID_SAM,1897,2,10
South America,OWID_SAM,1898,2,10
South America,OWID_SAM,1899,4,8
South America,OWID_SAM,1900,5,7
South America,OWID_SAM,1901,4,8
South America,OWID_SAM,1902,5,7
South America,OWID_SAM,1903,5,7
South America,OWID_SAM,1904,4,8
South America,OWID_SAM,1905,4,8
South America,OWID_SAM,1906,5,7
South America,OWID_SAM,1907,4,8
South America,OWID_SAM,1908,4,8
South America,OWID_SAM,1909,4,8
South America,OWID_SAM,1910,3,9
South America,OWID_SAM,1911,3,9
South America,OWID_SAM,1912,3,9
South America,OWID_SAM,1913,2,10
South America,OWID_SAM,1914,4,8
South America,OWID_SAM,1915,3,9
South America,OWID_SAM,1916,3,9
South America,OWID_SAM,1917,3,9
South America,OWID_SAM,1918,3,9
South America,OWID_SAM,1919,4,8
South America,OWID_SAM,1920,5,7
South America,OWID_SAM,1921,4,8
South America,OWID_SAM,1922,3,9
South America,OWID_SAM,1923,3,9
South America,OWID_SAM,1924,4,8
South America,OWID_SAM,1925,4,8
South America,OWID_SAM,1926,4,8
South America,OWID_SAM,1927,5,7
South America,OWID_SAM,1928,5,7
South America,OWID_SAM,1929,5,7
South America,OWID_SAM,1930,8,4
South America,OWID_SAM,1931,6,6
South America,OWID_SAM,1932,3,9
South America,OWID_SAM,1933,4,8
South America,OWID_SAM,1934,4,8
South America,OWID_SAM,1935,5,7
South America,OWID_SAM,1936,6,6
South America,OWID_SAM,1937,7,5
South America,OWID_SAM,1938,6,6
South America,OWID_SAM,1939,4,8
South America,OWID_SAM,1940,4,8
South America,OWID_SAM,1941,4,8
South America,OWID_SAM,1942,4,8
South America,OWID_SAM,1943,5,7
South America,OWID_SAM,1944,5,7
South America,OWID_SAM,1945,4,8
South America,OWID_SAM,1946,3,9
South America,OWID_SAM,1947,2,10
South America,OWID_SAM,1948,4,8
South America,OWID_SAM,1949,6,6
South America,OWID_SAM,1950,4,8
South America,OWID_SAM,1951,4,8
South America,OWID_SAM,1952,3,9
South America,OWID_SAM,1953,4,8
South America,OWID_SAM,1954,3,9
South America,OWID_SAM,1955,4,8
South America,OWID_SAM,1956,4,8
South America,OWID_SAM,1957,4,8
South America,OWID_SAM,1958,1,11
South America,OWID_SAM,1959,2,10
South America,OWID_SAM,1960,1,11
South America,OWID_SAM,1961,1,11
South America,OWID_SAM,1962,3,9
South America,OWID_SAM,1963,2,10
South America,OWID_SAM,1964,3,9
South America,OWID_SAM,1965,3,9
South America,OWID_SAM,1966,3,9
South America,OWID_SAM,1967,2,10
South America,OWID_SAM,1968,3,9
South America,OWID_SAM,1969,4,8
South America,OWID_SAM,1970,4,8
South America,OWID_SAM,1971,4,8
South America,OWID_SAM,1972,4,8
South America,OWID_SAM,1973,5,7
South America,OWID_SAM,1974,5,7
South America,OWID_SAM,1975,5,7
South America,OWID_SAM,1976,6,6
South America,OWID_SAM,1977,6,6
South America,OWID_SAM,1978,6,6
South America,OWID_SAM,1979,5,7
South America,OWID_SAM,1980,5,7
South America,OWID_SAM,1981,5,7
South America,OWID_SAM,1982,4,8
South America,OWID_SAM,1983,3,9
South America,OWID_SAM,1984,2,10
South America,OWID_SAM,1985,2,10
South America,OWID_SAM,1986,2,10
South America,OWID_SAM,1987,1,11
South America,OWID_SAM,1988,1,11
South America,OWID_SAM,1989,0,12
South America,OWID_SAM,1990,1,11
South America,OWID_SAM,1991,0,12
South America,OWID_SAM,1992,1,11
South America,OWID_SAM,1993,1,11
South America,OWID_SAM,1994,1,11
South America,OWID_SAM,1995,0,12
South America,OWID_SAM,1996,0,12
South America,OWID_SAM,1997,0,12
South America,OWID_SAM,1998,0,12
South America,OWID_SAM,1999,0,12
South America,OWID_SAM,2000,0,12
South America,OWID_SAM,2001,0,12
South America,OWID_SAM,2002,0,12
South America,OWID_SAM,2003,0,12
South America,OWID_SAM,2004,0,12
South America,OWID_SAM,2005,0,12
South America,OWID_SAM,2006,0,12
South America,OWID_SAM,2007,0,12
South America,OWID_SAM,2008,0,12
South America,OWID_SAM,2009,0,12
South America,OWID_SAM,2010,0,12
South America,OWID_SAM,2011,0,12
South America,OWID_SAM,2012,0,12
South America,OWID_SAM,2013,0,12
South America,OWID_SAM,2014,0,12
South America,OWID_SAM,2015,0,12
South America,OWID_SAM,2016,0,12
South America,OWID_SAM,2017,0,12
South America,OWID_SAM,2018,1,11
South America,OWID_SAM,2019,2,10
South America,OWID_SAM,2020,0,12
South America,OWID_SAM,2021,0,12
South America,OWID_SAM,2022,0,12
South America,OWID_SAM,2023,0,12
South America,OWID_SAM,2024,0,12
South America,OWID_SAM,2025,0,12
World,OWID_WRL,1789,74,2
World,OWID_WRL,1790,75,2
World,OWID_WRL,1791,75,2
World,OWID_WRL,1792,74,3
World,OWID_WRL,1793,75,2
World,OWID_WRL,1794,75,2
World,OWID_WRL,1795,76,2
World,OWID_WRL,1796,75,2
World,OWID_WRL,1797,75,2
World,OWID_WRL,1798,76,2
World,OWID_WRL,1799,76,2
World,OWID_WRL,1800,77,2
World,OWID_WRL,1801,77,2
World,OWID_WRL,1802,77,2
World,OWID_WRL,1803,77,2
World,OWID_WRL,1804,78,2
World,OWID_WRL,1805,78,2
World,OWID_WRL,1806,79,2
World,OWID_WRL,1807,78,2
World,OWID_WRL,1808,78,2
World,OWID_WRL,1809,80,2
World,OWID_WRL,1810,80,2
World,OWID_WRL,1811,80,3
World,OWID_WRL,1812,80,3
World,OWID_WRL,1813,79,4
World,OWID_WRL,1814,82,4
World,OWID_WRL,1815,84,3
World,OWID_WRL,1816,83,4
World,OWID_WRL,1817,84,4
World,OWID_WRL,1818,84,4
World,OWID_WRL,1819,84,4
World,OWID_WRL,1820,84,4
World,OWID_WRL,1821,84,4
World,OWID_WRL,1822,84,5
World,OWID_WRL,1823,84,5
World,OWID_WRL,1824,84,5
World,OWID_WRL,1825,85,6
World,OWID_WRL,1826,82,9
World,OWID_WRL,1827,82,9
World,OWID_WRL,1828,84,7
World,OWID_WRL,1829,84,7
World,OWID_WRL,1830,83,11
World,OWID_WRL,1831,82,12
World,OWID_WRL,1832,82,13
World,OWID_WRL,1833,81,14
World,OWID_WRL,1834,83,12
World,OWID_WRL,1835,82,13
World,OWID_WRL,1836,83,12
World,OWID_WRL,1837,83,12
World,OWID_WRL,1838,87,12
World,OWID_WRL,1839,87,13
World,OWID_WRL,1840,85,16
World,OWID_WRL,1841,89,14
World,OWID_WRL,1842,90,13
World,OWID_WRL,1843,89,14
World,OWID_WRL,1844,89,15
World,OWID_WRL,1845,88,17
World,OWID_WRL,1846,88,17
World,OWID_WRL,1847,87,18
World,OWID_WRL,1848,84,21
World,OWID_WRL,1849,84,21
World,OWID_WRL,1850,86,19
World,OWID_WRL,1851,87,18
World,OWID_WRL,1852,87,19
World,OWID_WRL,1853,89,18
World,OWID_WRL,1854,88,20
World,OWID_WRL,1855,89,19
World,OWID_WRL,1856,90,19
World,OWID_WRL,1857,87,22
World,OWID_WRL,1858,90,19
World,OWID_WRL,1859,93,17
World,OWID_WRL,1860,91,19
World,OWID_WRL,1861,86,20
World,OWID_WRL,1862,88,19
World,OWID_WRL,1863,91,17
World,OWID_WRL,1864,90,18
World,OWID_WRL,1865,85,23
World,OWID_WRL,1866,85,23
World,OWID_WRL,1867,84,25
World,OWID_WRL,1868,80,26
World,OWID_WRL,1869,81,25
World,OWID_WRL,1870,80,25
World,OWID_WRL,1871,73,25
World,OWID_WRL,1872,73,25
World,OWID_WRL,1873,71,27
World,OWID_WRL,1874,72,29
World,OWID_WRL,1875,74,28
World,OWID_WRL,1876,79,23
World,OWID_WRL,1877,79,24
World,OWID_WRL,1878,80,25
World,OWID_WRL,1879,82,23
World,OWID_WRL,1880,78,27
World,OWID_WRL,1881,78,27
World,OWID_WRL,1882,78,28
World,OWID_WRL,1883,77,29
World,OWID_WRL,1884,81,30
World,OWID_WRL,1885,87,29
World,OWID_WRL,1886,87,30
World,OWID_WRL,1887,87,31
World,OWID_WRL,1888,87,32
World,OWID_WRL,1889,91,31
World,OWID_WRL,1890,91,32
World,OWID_WRL,1891,93,32
World,OWID_WRL,1892,98,32
World,OWID_WRL,1893,101,32
World,OWID_WRL,1894,104,31
World,OWID_WRL,1895,106,32
World,OWID_WRL,1896,105,34
World,OWID_WRL,1897,105,34
World,OWID_WRL,1898,106,33
World,OWID_WRL,1899,108,33
World,OWID_WRL,1900,111,32
World,OWID_WRL,1901,109,34
World,OWID_WRL,1902,115,30
World,OWID_WRL,1903,117,30
World,OWID_WRL,1904,115,34
World,OWID_WRL,1905,115,34
World,OWID_WRL,1906,117,33
World,OWID_WRL,1907,116,34
World,OWID_WRL,1908,109,37
World,OWID_WRL,1909,110,36
World,OWID_WRL,1910,107,39
World,OWID_WRL,1911,109,39
World,OWID_WRL,1912,110,39
World,OWID_WRL,1913,109,41
World,OWID_WRL,1914,114,38
World,OWID_WRL,1915,113,37
World,OWID_WRL,1916,117,36
World,OWID_WRL,1917,119,35
World,OWID_WRL,1918,121,40
World,OWID_WRL,1919,116,46
World,OWID_WRL,1920,114,50
World,OWID_WRL,1921,112,52
World,OWID_WRL,1922,111,55
World,OWID_WRL,1923,112,54
World,OWID_WRL,1924,112,55
World,OWID_WRL,1925,112,55
World,OWID_WRL,1926,115,52
World,OWID_WRL,1927,116,51
World,OWID_WRL,1928,113,54
World,OWID_WRL,1929,115,52
World,OWID_WRL,1930,118,49
World,OWID_WRL,1931,116,51
World,OWID_WRL,1932,111,55
World,OWID_WRL,1933,113,52
World,OWID_WRL,1934,116,49
World,OWID_WRL,1935,116,49
World,OWID_WRL,1936,116,49
World,OWID_WRL,1937,118,48
World,OWID_WRL,1938,116,50
World,OWID_WRL,1939,117,49
World,OWID_WRL,1940,123,40
World,OWID_WRL,1941,124,39
World,OWID_WRL,1942,125,38
World,OWID_WRL,1943,126,37
World,OWID_WRL,1944,127,36
World,OWID_WRL,1945,118,47
World,OWID_WRL,1946,109,57
World,OWID_WRL,1947,108,62
World,OWID_WRL,1948,110,63
World,OWID_WRL,1949,108,65
World,OWID_WRL,1950,103,68
World,OWID_WRL,1951,109,66
World,OWID_WRL,1952,107,68
World,OWID_WRL,1953,107,68
World,OWID_WRL,1954,107,68
World,OWID_WRL,1955,106,69
World,OWID_WRL,1956,104,71
World,OWID_WRL,1957,100,75
World,OWID_WRL,1958,100,75
World,OWID_WRL,1959,102,73
World,OWID_WRL,1960,84,90
World,OWID_WRL,1961,79,95
World,OWID_WRL,1962,76,98
World,OWID_WRL,1963,77,98
World,OWID_WRL,1964,75,100
World,OWID_WRL,1965,72,102
World,OWID_WRL,1966,71,103
World,OWID_WRL,1967,66,108
World,OWID_WRL,1968,64,110
World,OWID_WRL,1969,67,107
World,OWID_WRL,1970,66,108
World,OWID_WRL,1971,71,105
World,OWID_WRL,1972,74,102
World,OWID_WRL,1973,72,104
World,OWID_WRL,1974,74,102
World,OWID_WRL,1975,73,103
World,OWID_WRL,1976,71,105
World,OWID_WRL,1977,68,108
World,OWID_WRL,1978,63,113
World,OWID_WRL,1979,58,118
World,OWID_WRL,1980,57,119
World,OWID_WRL,1981,54,122
World,OWID_WRL,1982,53,123
World,OWID_WRL,1983,51,125
World,OWID_WRL,1984,47,129
World,OWID_WRL,1985,45,131
World,OWID_WRL,1986,44,132
World,OWID_WRL,1987,43,133
World,OWID_WRL,1988,43,133
World,OWID_WRL,1989,42,134
World,OWID_WRL,1990,47,136
World,OWID_WRL,1991,45,148
World,OWID_WRL,1992,42,151
World,OWID_WRL,1993,41,154
World,OWID_WRL,1994,40,155
World,OWID_WRL,1995,37,158
World,OWID_WRL,1996,32,163
World,OWID_WRL,1997,31,164
World,OWID_WRL,1998,30,165
World,OWID_WRL,1999,33,162
World,OWID_WRL,2000,33,162
World,OWID_WRL,2001,31,164
World,OWID_WRL,2002,31,164
World,OWID_WRL,2003,33,162
World,OWID_WRL,2004,34,161
World,OWID_WRL,2005,28,167
World,OWID_WRL,2006,27,169
World,OWID_WRL,2007,27,170
World,OWID_WRL,2008,28,170
World,OWID_WRL,2009,32,166
World,OWID_WRL,2010,30,168
World,OWID_WRL,2011,30,169
World,OWID_WRL,2012,31,168
World,OWID_WRL,2013,27,172
World,OWID_WRL,2014,27,172
World,OWID_WRL,2015,25,174
World,OWID_WRL,2016,23,176
World,OWID_WRL,2017,25,174
World,OWID_WRL,2018,26,173
World,OWID_WRL,2019,28,171
World,OWID_WRL,2020,28,171
World,OWID_WRL,2021,30,169
World,OWID_WRL,2022,31,168
World,OWID_WRL,2023,33,166
World,OWID_WRL,2024,34,165
World,OWID_WRL,2025,34,165